nom_produit;prix;specificites
Micha Yarns - 10 bollen haakkatoen pakket - 100% katoen haakgaren - 10 x 50gram - Cotton Candy - Rainbow Bright (001);25,95;Haken Naalddikte: 2-2.5 (2) Bollen Bundels van Micha Yarns! Haak-/breinaald 2. 0-2. 5 100% katoen 50 gram / 170 meter 10 bollen... in prijs verlaagd Meestal 28,95 28.95 Je bespaart 10% 6 dagen Verkoop doorMicha YarnsWat je kan verwachten Gesponsord Micha Yarns
Micha Yarns - 15 bollen haakkatoen pakket - 100% katoen haakgaren - 15 x 50gram - Cotton Candy - Technicolor (001);34,95;Haken Naalddikte: 2-2.5 (2) Bollen Bundels van Micha Yarns! Haak-/breinaald 2. 0-2. 5 100% katoen 50 gram / 170 meter 15 bollen... in prijs verlaagd Meestal 39,95 39.95 Je bespaart 13% 6 dagen Verkoop doorMicha YarnsWat je kan verwachten Micha Yarns
Kerst Special 3 (Crème, Rood, Groen)16,95Autumn (Geel - Perzik - Oranje - Rood - Koraal)16,95Love (Creme - Roze - Baby Roze - Lila - Paars)16,95Rainbow Pastel (Roze - Blauw - Lila - Geel - Groen)16,95Kerst Special 1 (Wit, Rood, Groen)16,95Dark Palette (Zwart - Donker Rood - Denim Blauw - Bos Groen - Grijs)16,95;15,99;Meestal 17,95 17.95 Je bespaart 6% 6 dagen Verkoop doorMicha YarnsWat je kan verwachten Creativ company CC Mini Hobbyset Macramé Sleutelhangers Kristallen Macramé Met deze set knoop je leuke sleutelhangertjes met echte kristallen. Elk kristal staat symbool voor unieke... 6 dagen Verkoop doorSanniesHomeWat je kan verwachten Merkloos / Sans marque
ijzergaren - zwart - 20 meter - polyester garen;4,50;Naaien, Weven, Sieraden maken, Borduren Naalddikte: 8-12 (3) sterk zwart ijzergaren Of bespaar 32% als je er 2 koopt Uiterlijk 24 december in huis Verkoop doorMulder NaaimachinesWat je kan verwachten hemline
Borduur Wikkelkaartjes - Karton - 50 stuks;5,75;Uiterlijk 24 december in huis Verkoop doorHandwerkhuis De RozetWat je kan verwachten
setje 4x sterretje ijzergaren - zwart wit bruin antraciet / donkergrijs - ijzersterk garen set - 4x 20m;8,95;(1) set 4x ijzergaren: zwart wit dokergrijs bruin Uiterlijk 22 december in huis Verkoop doorHOBBY HOLLANDWat je kan verwachten Merkloos / Sans marque
Draaddoorhalers Voor Garen - 10 Stuks;4,95;Borduren, Naaien Naalddikte: 0.5 (1) Verkoop door NaaimachineWinkel. nl10 stuks draaddoorhalers voor het gemakkelijk in de naald krijgen van... Uiterlijk 22 december in huis Verkoop doorNaaimachinewinkelWat je kan verwachten STG
set 4x ijzergaren sterretje - wit zwart beige bruin - 4x 20 m - ijzersterk garen - 100& polyester;8,95;Naaien Naalddikte: 12-15 IJzergaren heeft z'n naam te danken aan het feit dat deze garen ijzersterk zijn. Geen grap! Heb je er... Uiterlijk 22 december in huis Verkoop doorHOBBY HOLLANDWat je kan verwachten Merkloos / Sans marque
metallic 30 borduurgaren zilver - klosje 100 m - embroidery thread col 1890 - garen modinetje - ook geschikt als naaigaren;5,50;Naaien, Borduren Naalddikte: 5-7 embroidery thread for sewing. Brilliant sparkling metallic thread to create fascinating accents and... Uiterlijk 22 december in huis Verkoop doorHOBBY HOLLANDWat je kan verwachten Merkloos / Sans marque
ijzergaren - beige zandtint - 20 meter - polyester - 20/3 garen - lichtbruin;5,50;Naaien Naalddikte: 8-12 (1) sterk ijzergaren zandkleur beige Meestal 5,95 5.95 Je bespaart 8% Uiterlijk 22 december in huis Verkoop doorHOBBY HOLLANDWat je kan verwachten Prym
Prym H811836 - 2 x dradenfee - draaddoorhaler - draden fee om draden weg te werken;7,25;Naaien, Haken, Breien, Borduren, Vilten Naalddikte: 0.6 2 x draden feewerk met deze tool handig storende draden weg Uiterlijk 22 december in huis Verkoop doorHOBBY HOLLANDWat je kan verwachten Merkloos / Sans marque
metallic 30 borduurgaren goud - klosje 100 m - embroidery thread col 1893 - gouden garen modinetje - ook geschikt als naaigaren;21,71;Naaien, Borduren Naalddikte: 5-7 embroidery thread for sewing. Brilliant sparkling metallic thread to create fascinating accents and... Uiterlijk 22 december in huis Verkoop doorHOBBY HOLLANDWat je kan verwachten Gesponsord Serafil Bordo rood Polyester naaigaren voor Bootkap, Tent en Zonwering Naaien Naalddikte: 8-12 (12) 100% polyester naaigaren UV bestendig met een dikte 30. Dit garen gebruikt u met naalddikte 100 tot 120... Huidige voorraad bijna op bij deze verkoperSelect Voor 23:59 uur besteld, morgen in huis Verkoop doorSaliseal NLWat je kan verwachten Gesponsord Serafil Grijs Polyester naaigaren voor Bootkap, Tent en Zonwering Naaien Naalddikte: 8-12 (12) 100% polyester naaigaren UV bestendig met een dikte 30. Dit garen gebruikt u met naalddikte 100 tot 120... Huidige voorraad bijna op bij deze verkoperSelect Voor 23:59 uur besteld, morgen in huis Verkoop doorSaliseal NLWat je kan verwachten Creativ company CC Stramien 50x100 cm Off-white Weven Naalddikte: 7 Stramien van 100% katoen gewoven met 13 draden per 10 cm (1. 3/cm). Wordt gebruikt voor muurdecoraties,... Of bespaar 10% als je er 2 koopt Op voorraad Voor 23:59 uur besteld, vrijdag in huis Verkoop dooriHobbyWat je kan verwachten Meer verkopers vanaf 21,50 per stuk Corna
Corna elastisch garen 0,8 mm - wit - 1 klosje 20 m - voor sieraden, smocken, rimpelelastiek;7,25;Naaien, Borduren Naalddikte: 8-12 (1) Sterke kwaliteit elastisch garen. geschikt voor sieraden maken. Geschikt voor smocken/rimpelen, met de... In verschillende varianten verkrijgbaar: zwart5,50 Uiterlijk 22 december in huis Verkoop doorHOBBY HOLLANDWat je kan verwachten Merkloos / Sans marque
ijzergaren - wit - 20 meter - polyester - ijzersterk garen;13,99;Naaien, Borduren, Sieraden maken, Vilten Naalddikte: 8-12 ijzergaren wit Uiterlijk 22 december in huis Verkoop doorHOBBY HOLLANDWat je kan verwachten Creativ company CC Aida Telstof 43/10 Fijn 50x50 cm Wit Borduren Naalddikte: 1.5 (14) Creativ Company Aida-stof 50×50 cm – 43 vierkantjes per 10 cm (wit)Deze Creativ Company Aida-stof is... In verschillende varianten verkrijgbaar: divers14,95divers14,95 3 + 1 gratis Huidige voorraad bijna op bij deze verkoperSelect Voor 23:59 uur besteld, morgen in huis Verkoop door bol Merkloos / Sans marque Set van ELASTISCH NAAIGAREN van Hoge Kwaliteit, 4x30 Meter, 2 WIT + 2 ZWART Naaien Deze set van elastisch naaigaren is een onmisbare aanvulling voor elke naai- en handwerkenthousiast.... Of bespaar 20% als je er 3 koopt Uiterlijk 24 december in huis Verkoop doorSRL Leduc BVWat je kan verwachten Salesboer
Gewaxte Draad - Wax Koord - Naaigaren - 1 mm dik en 50 m lang - Bruin;12,99;Naaien, Sieraden maken Naalddikte: 2.5 (6) Dit platte gewaxte draad of garen is 1 millimeter breed, 50 meter lang en ideaal voor het naaien met... Meestal 14,95 14.95 Je bespaart 13% Op voorraad Uiterlijk 19 december in huis Verkoop doorBamboe ShopWat je kan verwachten None
Wolwinder | Garen Yarn Winder - wool winder - met tafelklem - wolopwinder - thread winder - wolmolen - garenwinder - roze - woloproller;28,50;Breien Naalddikte: 8 (1) Eenvoudig alle bollen, restjes garen en skeins opwinden tot een bal (cake) die fijn is in gebruik. Zodra... In verschillende varianten verkrijgbaar: Wit & Rood28,50 Meestal 32,50 32.50 Je bespaart 12% 6 dagen Verkoop doorWaut weavingWat je kan verwachten hemline
Borduur Wikkelkaartjes- Plastic - 30 stuks;5,75;Uiterlijk 24 december in huis Verkoop doorHandwerkhuis De RozetWat je kan verwachten Micha Yarns
5 bollen - 70% bamboe 30% katoen haakgaren - 5 x 50gram - 185meter - Zwart (000) - Micha Yarns;14,99;Haken Naalddikte: 2-3 Baby Bamboo garen van Micha Yarns! Dit heerlijke zachte bamboe katoen garen is gemaakt van 100% natuurlijke... In verschillende varianten verkrijgbaar: Wit19,95Geel19,95Rood19,95Baby Blauw19,95Paars19,95Baby Roze19,95 6 dagen Verkoop doorMicha YarnsWat je kan verwachten ACCESSOIRES LEDUC POLYESTER OVERLOCK Garen 2700 Meter per BOBIJN, 4 Bobijnen (4*2700 Meter) TOTAAL 18000 Meter, Kleur CREME 253 Naaien, Borduren, Breien, Weven Naalddikte: 1.5 (6) Een overlocker is een type naaimachine die meerdere draden gebruikt en deze meteen afwerkt en bijsnijdt.... In verschillende varianten verkrijgbaar: ECRU15,90TAUPE15,90ZWART15,90FUSCHIA17,59NAVY14,90donkergroen14,90 Of bespaar 21% als je er 3 koopt Uiterlijk 24 december in huis Verkoop doorSRL Leduc BVWat je kan verwachten Stoffenboetiek
Micha Yarns - 10 bollen haakkatoen pakket - 100% katoen haakgaren - 10 x 50gram - Cotton Candy - Rainbow Pastel (002);20,99;Haken Naalddikte: 2-2.5 (2) Bollen Bundels van Micha Yarns! Haak-/breinaald 2. 0-2. 5 100% katoen 50 gram / 170 meter 10 bollen... in prijs verlaagd Meestal 28,95 28.95 Je bespaart 10% 6 dagen Verkoop doorMicha YarnsWat je kan verwachten Gesponsord Coats Zand/Beige Polyester naaigaren voor Bootkap, Tent en Zonwering Naaien Naalddikte: 8-12 (1) 100% polyester naaigaren UV bestendig met een dikte 30. Dit garen gebruikt u met naalddikte 100 tot 120... Op voorraadSelect Voor 23:59 uur besteld, morgen in huis Verkoop doorSaliseal NLWat je kan verwachten 1.323 resultaten Sortering
Micha Yarns - 10 bollen haakkatoen pakket - 100% katoen haakgaren - 10 x 50gram - Cotton Candy - Rainbow Bright (001);25,95;Haken Naalddikte: 2-2.5 (2) Bollen Bundels van Micha Yarns! Haak-/breinaald 2. 0-2. 5 100% katoen 50 gram / 170 meter 10 bollen... 6 dagen Verkoop doorMicha YarnsWat je kan verwachten Gesponsord Micha Yarns
Micha Yarns - 15 bollen haakkatoen pakket - 100% katoen haakgaren - 15 x 50gram - Cotton Candy - Technicolor (001);34,95;Haken Naalddikte: 2-2.5 (2) Bollen Bundels van Micha Yarns! Haak-/breinaald 2. 0-2. 5 100% katoen 50 gram / 170 meter 15 bollen... 6 dagen Verkoop doorMicha YarnsWat je kan verwachten Merkloos / Sans marque
ijzergaren - donkergrijs grijs antraciet - 20 meter - polyester - 20/3 garen;21,99;Naaien, Borduren Naalddikte: 8-12 (1) ijzergaren grijs Uiterlijk 23 december in huis Verkoop doorHOBBY HOLLANDWat je kan verwachten Chunky Yarn Core Blanket Line – Blanket Chunky Yarn – Breigaren – 3 cm Dikte – Machine Wasbaar – Voor Handbreien & Arm-knitting – 25 m – Grijs Chunky Yarn Core Blanket Line – Blanket Chunky Yarn – Breigaren – 3 cm Dikte – Machine Wasbaar – Voor...
Somstyle Luxe 100-in-1 Borduurgaren Set - 8 Meter per Spoel - Naaigaren - Borduurwerken - Multicolor;17,95;Borduren Maak elk borduurproject onvergetelijk met de Somstyle 100-in-1 borduurgaren set. Of je nu een beginner... Voor 23:59 uur besteld, dinsdag in huis Verkoop doorEasycheckWat je kan verwachten elga
Ijzergaren - grijs - 20 m - ijzersterk - 100% polyester 20/3 - sterk garen voor tassen, tentdoek, etc.;6,25;Naaien Naalddikte: 12-15 ijzergaren grijs20 m Uiterlijk 23 december in huis Verkoop doorHOBBY HOLLANDWat je kan verwachten Merkloos / Sans marque
metallic 30 borduurgaren goud - klosje 100 m - embroidery thread col 1894 - garen modinetje - ook geschikt als naaigaren;5,50;Naaien, Borduren Naalddikte: 5-7 embroidery thread for sewing. Brilliant sparkling metallic thread to create fascinating accents and... Uiterlijk 23 december in huis Verkoop doorHOBBY HOLLANDWat je kan verwachten
Stopwol modinetje - donkerrood rood - stopgaren art 1001 15m. - 55% wol 45% Polyamid;5,50;Naaien Stopwol van Modinetje (of stopgaren) is bedoeld voor het repareren van gaten of versleten stukken weefsel.... Uiterlijk 23 december in huis Verkoop doorHOBBY HOLLANDWat je kan verwachten
set 2x Goldmann extra sterk garen - 1 klosje wit 1 klosje zwart - supersterk garen;17,25;(1) Een garen dat bekend staat om zijn uitstekende kwaliteit. 100 meter per rol. Voor 23:59 uur besteld, dinsdag in huis Verkoop doorHOBBY HOLLANDWat je kan verwachten Creativ company CC Katoenkoord 1 mm 700 m Licht Naturel Extra Dunne Kwaliteit Macramé, Home deco (4) Goede kwaliteit zacht 85% katoen getwijnd koord met 15% polyeste, extra dunne kwaliteit 12/6, rol 700... Huidige voorraad bijna op bij deze verkoperSelect Voor 23:59 uur besteld, morgen in huis Verkoop door bol Lammy Yarns Vijf bollen gemeleerd garen (5 x 50 gram 100% katoen) Breien, Haken, Weven Naalddikte: 3.5 (4) Vijf bollen gemêleerd garen:Details per bol:Kleur: zwart, wit en grijsMateriaal: 100% KatoenGewicht:... In verschillende varianten verkrijgbaar: bruin17,25bruin17,25rood17,25grijs17,25groen17,25blauw17,25 Uiterlijk 23 december in huis Verkoop doorDe hobbyvlinderWat je kan verwachten Luca-S
Metallic PURE GOLD - borduurgaren Luca-s - streng van 8 meter;7,95;Borduren Naalddikte: 0.5 Luca-s metallic borduurgaren heeft een samenstelling van 60% Metallized, 40% Polyamide, ( Polyester ).... Voor 23:59 uur besteld, dinsdag in huis Verkoop doorHobbydoityourself.nlWat je kan verwachten Gesponsord Micha Yarns
Micha Yarns - 10 bollen haakkatoen pakket - 100% katoen haakgaren - 10 x 50gram - Cotton Candy - Rainbow Pastel (002);20,99;Haken Naalddikte: 2-2.5 (2) Bollen Bundels van Micha Yarns! Haak-/breinaald 2. 0-2. 5 100% katoen 50 gram / 170 meter 10 bollen... 6 dagen Verkoop doorMicha YarnsWat je kan verwachten Gesponsord Coats Zand/Beige Polyester naaigaren voor Bootkap, Tent en Zonwering Naaien Naalddikte: 8-12 (1) 100% polyester naaigaren UV bestendig met een dikte 30. Dit garen gebruikt u met naalddikte 100 tot 120... Op voorraadSelect Voor 23:59 uur besteld, morgen in huis Verkoop doorSaliseal NLWat je kan verwachten DMC DMC Brio 405 Breien Naalddikte: 4
DMC Brio - Het kleurrijke garen DMC Brio is een garen dat over veel verschillende kleuren beschikt. Zacht...;17,99;Uiterlijk 23 december in huis Verkoop doorPakhuis.euWat je kan verwachten WolletjeBol
WolletjeBol Midi Cotton Saliegroen - Chunky katoen garen van 18 mm dik;39,95;Breien Naalddikte: 20 Grof, chunky garen van 100% biologisch katoen in de kleur Saliegroen. Hoeveel heb ik nodig?• 1 bol =... In verschillende varianten verkrijgbaar: Okergeel39,99Taupe39,95Oudroze39,95Donkerdenim39,95Zand39,95Mauve39,95 Voor 23:59 uur besteld, dinsdag in huis Verkoop doorThe Yarn WagonWat je kan verwachten
Corna rijggaren ecru - klosje garen 300 m - 100% katoen off white - naturel ongebleekt;5,50;Naaien Naalddikte: 7-8 (2) katoenen rijggaren ongebleekte katoen, voor het rijgen van stoffen300 m Uiterlijk 23 december in huis Verkoop doorHOBBY HOLLANDWat je kan verwachten artifil
4 klosjes artifil garen naaigaren - 4x 200 meter garen - set 2 klosje wit (1001) en 2 klosjes zwart (1008);18,94;Naaien 2 klosjes wit en 2 klosjes zwartnaaigaren 200 meter x 4 Voor 23:59 uur besteld, dinsdag in huis Verkoop doorHOBBY HOLLANDWat je kan verwachten Goede Keuze Bobbiny Bobbiny Premium Charcoal Grijs 5mm Breien, Haken, Sieraden maken, Weven Naalddikte: 8-9 (1) Bobbiny Premium Heb je die leuke plantenmandjes gezien? Stoere woonkussens? Gehaakte tassen? Dat kun... In verschillende varianten verkrijgbaar: Light Grey18,94Blauw18,94 Of bespaar 10% als je er 2 koopt 6 dagen Verkoop doorTrendyTextiles.nlWat je kan verwachten
Goldmann extra sterk garen 100m - wit naaigaren - extra stark yarn - klosje supersterk garen - no. 719;4,95;Een garen dat bekend staat om zijn uitstekende kwaliteit. 100 meter per rol. Uiterlijk 23 december in huis Verkoop doorHOBBY HOLLANDWat je kan verwachten Micha Yarns
Micha Yarns - 100% katoen haakgaren - 5 bollen haakkatoen - 5 x 50gram - 170meter per bol - Licht Grijs (019);39,95;Haken Naalddikte: 2-2.5 (2) Cotton Candy garen van Micha Yarns! Haak-/breinaald 2. 0-2. 5 100% katoen 50 gram / 170 meter 5 stuks... In verschillende varianten verkrijgbaar: Paars16,95Zwart16,95Denim Blauw16,95Wit16,95Baby Roze16,95Orange16,95 6 dagen Verkoop doorMicha YarnsWat je kan verwachten 3 maal ijzergaren rood beige en donkerblauw Borduren, Breien, Haken, Naaien, Leerbewerking Naalddikte: 10 (1) 3 maal ijzergaren rood beige en donkerblauwplus minus 15 meter per stuk Uiterlijk 23 december in huis Verkoop doorHOBBY HOLLANDWat je kan verwachten Babysnap Houten Garenrek voor 120 klossen garen van 50 tot 1000meter Borduren, Naaien, Breien Naalddikte: 6 (13) Degelijk beukenhouten garenrek met 120 pennen van 35mm hoog en 36cm breed voor uw borduur, naai en kleine... Meestal 45,00 45.00 Je bespaart 11% 6 dagen Verkoop doorNiessen Naaimachines OnlineWat je kan verwachten Prym
Elastisch naaigaren 0,5 mm marine 20 m - prym;20,99;Naaien, Borduren Naalddikte: 0.5 Bestel nu 'Elastisch naaigaren 0,5 mm marine 20 m' met 15% korting. Textielstad heeft het complete assortimet... Uiterlijk 23 december in huis Verkoop doorHOBBY HOLLANDWat je kan verwachten Gesponsord Serafil Saliseal |Donkerblauw Polyester naaigaren voor Bootkap, Tent en Zonwering Naaien Naalddikte: 8-12 (12) 100% polyester naaigaren UV bestendig met een dikte 30. Dit garen gebruikt u met naalddikte 100 tot 120... Op voorraadSelect Voor 23:59 uur besteld, morgen in huis Verkoop doorSaliseal NLWat je kan verwachten Gesponsord Serafil Bordo rood Polyester naaigaren voor Bootkap, Tent en Zonwering Naaien Naalddikte: 8-12 (12) 100% polyester naaigaren UV bestendig met een dikte 30. Dit garen gebruikt u met naalddikte 100 tot 120... Huidige voorraad bijna op bij deze verkoperSelect Voor 23:59 uur besteld, morgen in huis Verkoop doorSaliseal NLWat je kan verwachten DMC Dmc Borduurwol Borduren Dmc Borduurwol is een 100% wol garen om mee te borduren. De looplengte is 8 meter op een strengetje.... Uiterlijk 23 december in huis Verkoop doort trendjeWat je kan verwachten Folia
Folia borduurkarton set - creatieve borduurkit 25-delig multicolorMet deze borduurkarton set van Folia...;16,50;Of bespaar 10% als je er 2 koopt Voor 23:59 uur besteld, maandag in huis Verkoop dooriHobbyWat je kan verwachten Meer verkopers vanaf 16,40 per stuk 1.323 resultaten Sortering
Micha Yarns - 10 bollen haakkatoen pakket - 100% katoen haakgaren - 10 x 50gram - Cotton Candy - Rainbow Bright (001);25,95;Haken Naalddikte: 2-2.5 (2) Bollen Bundels van Micha Yarns! Haak-/breinaald 2. 0-2. 5 100% katoen 50 gram / 170 meter 10 bollen... 6 dagen Verkoop doorMicha YarnsWat je kan verwachten Gesponsord Micha Yarns
Micha Yarns - 15 bollen haakkatoen pakket - 100% katoen haakgaren - 15 x 50gram - Cotton Candy - Technicolor (001);7,65;Haken Naalddikte: 2-2.5 (2) Bollen Bundels van Micha Yarns! Haak-/breinaald 2. 0-2. 5 100% katoen 50 gram / 170 meter 15 bollen... 6 dagen Verkoop doorMicha YarnsWat je kan verwachten Gütermann Gütermann Sulky Metallic borduurgaren, 200m, Kleur goud/groen/rood Borduren Naalddikte: 0.5 Gütermann Sulky Metallic machinaal borduurgaren heeft een fraaie metallic glans, die het garen bij uitstek... Of bespaar 15% als je er 4 koopt Uiterlijk 23 december in huis Verkoop doorNaaimachine SuperstoreWat je kan verwachten Merkloos / Sans marque
Naaigaren kit 12 kleuren polyester Voordeelset - Naaien - Naaimachine Hand Naaien - 12 stuks Naai garen;19,99;Borduren, Naaien Naalddikte: 0.5 Naaigaren Set – 12 Rollen Polyester Garen (45 m per rol) Deze set van 12 klosjes hoogwaardige polyester... Of bespaar 15% als je er 2 koopt Huidige voorraad bijna op bij deze verkoperSelect Voor 23:59 uur besteld, morgen in huis Verkoop doorESTARK BVWat je kan verwachten Set van 10× naaigaren – Mettler Seralon & Métis – 200m – Blauwtinten, paars, taupe, bordeaux & goudbruin Deze set van 10 kwaliteitsklossen naaigaren (200 meter per klos) bestaat uit een mix van Mettler Seralon... Huidige voorraad bijna op bij deze verkoperSelect Voor 23:59 uur besteld, morgen in huis Verkoop doorLaceitUpWat je kan verwachten Cafuné
Cafuné Macrame Garen - Enkel gedraaid -3mm - Damson - 90m-250g - Uitkambaar - Gerecycled katoen touw;23,50;Home deco, Macramé Naalddikte: 5-7 (1) Dit enkel gedraaide koord, ook wel Single Twisted genoemd, bestaat uit meer dan 50 draden die samen een... In verschillende varianten verkrijgbaar: Navy14,99Turquoise14,99Lichtblauw 3mm14,99Lavender mist14,99 Of bespaar 27% als je er 2 koopt Uiterlijk 23 december in huis Verkoop doorHobbygaren.nlWat je kan verwachten Amann Mettler Trojalock Lock garen Amann Trojalock 4000 Overlockgaren 4x 2500 m Naaien Naalddikte: 0.5 (1) Troja Lock garen komt van Amann Mettler en nis een super fijn garen voor op u lockmachine4 klossen van... 6 dagen Verkoop doorNiessen Naaimachines OnlineWat je kan verwachten Bobbiny Bobbiny Macramé Koord 5 mm – 100 m – Natural – Gerecycled Katoen Macramé Naalddikte: 10 (3) Productomschrijving Ontdek het duurzame en stijlvolle Bobbiny Premium Natural 5 mm macramékoord – de... In verschillende varianten verkrijgbaar:
Geel20,86Mint15,50Mauve - Lila - paars18,95Blauw Groen18,94Grijs Beige19,95Violet (Paars)18,94;17,75;Of bespaar 14% als je er 2 koopt Op voorraad Uiterlijk 20 december in huis Verkoop doorhobbyshop-online.nlWat je kan verwachten Meer verkopers vanaf 19,95 per stuk Creativ company Geel maxi acryl garen 35 meter Haken Naalddikte: 10 (1) Geel maxi acryl garen 35 meter. Bolletje gele maxi acryl garen met een lengte van ongeveer 35 meter.... In verschillende varianten verkrijgbaar: Lichtblauw8,93Roze10,66Beige10,66Wit10,66Zwart8,99Grijs8,99 Of bespaar 31% als je er 4 koopt Op voorraad Voor 23:59 uur besteld, zaterdag in huis Verkoop doorDailyathome NLWat je kan verwachten Prym Elastisch naaigaren 0,5 mm zandkleurig 20 m Naaien Naalddikte: 6-7 Bestel nu 'Elastisch naaigaren 0,5 mm zandkleurig 20 m' met 15% korting. Textielstad heeft het complete... Uiterlijk 23 december in huis Verkoop doorHOBBY HOLLANDWat je kan verwachten Goede Keuze Bobbiny Bobbiny Junior 3mm Sand Haken, Breien, Weven Naalddikte: 6-7 (3) Product Description: Bobbiny Junior Sand Het 3 mm Bobbiny Junior Sand koord is een 100% gerecycled katoen... In verschillende varianten verkrijgbaar: Golden Natural19,77Blush18,95Mustard19,77Natural19,77Avocado Groen19,77Coffee18,50 Of bespaar 6% als je er 2 koopt 6 dagen Verkoop doorItteDesignsWat je kan verwachten Merkloos / Sans marque
Hoooked Soft Cotton DK – Kleur Sydney Sea (blauw) - 100% gerecycled;8,50;Borduren, Breien, Haken, Macramé, Weven Naalddikte: 4-6 Duurzame garens zijn betaalbaar! Hoooked Soft Cotton DK garen is gemaakt van 80% gerecycled katoen en... Of bespaar 40% als je er 10 koopt 6 dagen Verkoop doorTrendyTextiles.nlWat je kan verwachten Gesponsord Micha Yarns
Micha Yarns - 10 bollen haakkatoen pakket - 100% katoen haakgaren - 10 x 50gram - Cotton Candy - Rainbow Pastel (002);12,35;Haken Naalddikte: 2-2.5 (2) Bollen Bundels van Micha Yarns! Haak-/breinaald 2. 0-2. 5 100% katoen 50 gram / 170 meter 10 bollen... 6 dagen Verkoop doorMicha YarnsWat je kan verwachten Gesponsord Coats Zand/Beige Polyester naaigaren voor Bootkap, Tent en Zonwering Naaien Naalddikte: 8-12 (1) 100% polyester naaigaren UV bestendig met een dikte 30. Dit garen gebruikt u met naalddikte 100 tot 120... Op voorraadSelect Voor 23:59 uur besteld, morgen in huis Verkoop doorSaliseal NLWat je kan verwachten Creativ company CC Macramékoord 2 mm 198 m Mosgroen Macramé Naalddikte: 1.5 (1) Enkeldraads macramégaren op rol van 198 meter gemaakt van 80% gerecycled katoen en 20% polyester. Ideaal... In verschillende varianten verkrijgbaar: divers12,35divers19,25divers12,35divers12,35divers12,35divers19,25 Huidige voorraad bijna op bij deze verkoperSelect Voor 23:59 uur besteld, morgen in huis Verkoop door bol Sorbo
Sorbo Confection - IJzergaren Wit 2 x 20m - 72779 - extra sterk garen polyester;5,99;Naaien Naalddikte: 8-12 (1) Sorbo IJzergaren Wit 2 x 20m Uiterlijk 23 december in huis Verkoop doorHennie's PartijgoederenWat je kan verwachten Corna
Corna elastisch garen 0,8 mm - bruin - 1 klosje 20 m - col 1004 - elastiek draad - geschikt voor sieraden;12,99;Borduren, Breien, Naaien Naalddikte: 8-12 Sterke kwaliteit elastisch garen geschikt voor sieraden maken dikte 0,8 mmdonkerbruin col 1004 Uiterlijk 23 december in huis Verkoop doorHOBBY HOLLANDWat je kan verwachten Cafuné Cafuné Macrame Touw-Jute/Hennep-2mm-paars-85m-100g-jute touw Home deco, Macramé Naalddikte: 7-8 Een touwachtige garen voor het maken van robuuste projecten. De draad voelt ruw aan en is geschikt voor... Uiterlijk 23 december in huis Verkoop doorHobbygaren.nlWat je kan verwachten Cafuné
Velvet Garen - Paars - 4 mm - Breien - Haken - Weven;7,95;Haken Naalddikte: 8-9 Heerlijk zacht garen is gemaakt van 100% acryl. Het is ideaal om truien, sjaals of kleedjes mee te breien.... In verschillende varianten verkrijgbaar: Indigo13,99Red13,99Lila13,99Bordeaux13,99Grey13,99Terracotta13,99 Uiterlijk 23 december in huis Verkoop doorHobbygaren.nlWat je kan verwachten Creativ company CC Macramékoord 4 mm 55 m Off-White Macramé Naalddikte: 1.5 (1) Drievoudig/3-draads macramégaren op rol van 55 meter gemaakt van 80% gerecycled katoen en 20% polyester.... In verschillende varianten verkrijgbaar: Lichtbruin14,95Rood20,95Grijs14,95Zwart13,68Lichtgeel14,95Paars14,01 Voor 23:59 uur besteld, dinsdag in huis Verkoop doorBuildingtoysWat je kan verwachten Gutermann Gütermann Elastisch Garen 10m Kleur 6037 Naaien, Breien Naalddikte: 12-15 Elastiekgaren onder andere gebruikt voor smocking en het maken van sieraden. Uiterlijk 23 december in huis Verkoop doorHOBBY HOLLANDWat je kan verwachten De Bondt
JAPANS SATIJNKOORD 3MM - KUMIHIMO - MULTI RAINBOW Mooi satijnkoord voor multifunctioneel decoratief gebruik....;4,43;Of bespaar 34% als je er 4 koopt Uiterlijk 23 december in huis Verkoop doorCreaPoint.nlWat je kan verwachten mettler amann
donker bruin stopgaren - garenkaartje 20 m - polyacryl - kleur 807 - garen om te stoppen;19,99;Naaien, Borduren Naalddikte: 8-12 stopgaren is gemaakt van 100% polyacryl en wordt gebruikt bij het stoppen van sokken en kousen. Dit stopgaren... Uiterlijk 23 december in huis Verkoop doorHOBBY HOLLANDWat je kan verwachten Gesponsord Serafil Saliseal |Donkerblauw Polyester naaigaren voor Bootkap, Tent en Zonwering Naaien Naalddikte: 8-12 (12) 100% polyester naaigaren UV bestendig met een dikte 30. Dit garen gebruikt u met naalddikte 100 tot 120... Op voorraadSelect Voor 23:59 uur besteld, morgen in huis Verkoop doorSaliseal NLWat je kan verwachten Gesponsord Serafil Bordo rood Polyester naaigaren voor Bootkap, Tent en Zonwering Naaien Naalddikte: 8-12 (12) 100% polyester naaigaren UV bestendig met een dikte 30. Dit garen gebruikt u met naalddikte 100 tot 120... Huidige voorraad bijna op bij deze verkoperSelect Voor 23:59 uur besteld, morgen in huis Verkoop doorSaliseal NLWat je kan verwachten Gutermann LOT van 5 Bobijntjes POLYESTER GAREN van Hoge Kwaliteit GUTERMANN PERMACORE (Professionele Kwaliteit) 5 x 1000 Meter, GRIJS Naaien (1) Voor sterk gespannen naden- Materiaal: 100% polyester- Constructie: Kern gesponnen- Toepassingsgebieden:... In verschillende varianten verkrijgbaar: MIX 319,99GROEN19,99BRUIN19,99BEIGE19,99BLAUW19,99GROEN19,99 Of bespaar 20% als je er 3 koopt Uiterlijk 29 december in huis Verkoop doorSRL Leduc BVWat je kan verwachten artifil
Micha Yarns - 10 bollen haakkatoen pakket - 100% katoen haakgaren - 10 x 50gram - Cotton Candy - Rainbow Bright (001);25,95;Haken Naalddikte: 2-2.5 (2) Bollen Bundels van Micha Yarns! Haak-/breinaald 2. 0-2. 5 100% katoen 50 gram / 170 meter 10 bollen... 6 dagen Verkoop doorMicha YarnsWat je kan verwachten Gesponsord Micha Yarns
Micha Yarns - 15 bollen haakkatoen pakket - 100% katoen haakgaren - 15 x 50gram - Cotton Candy - Technicolor (001);34,95;Haken Naalddikte: 2-2.5 (2) Bollen Bundels van Micha Yarns! Haak-/breinaald 2. 0-2. 5 100% katoen 50 gram / 170 meter 15 bollen... 6 dagen Verkoop doorMicha YarnsWat je kan verwachten Micha Yarns
Baby Pastel (Wit - Baby Roze - Baby Blauw - Licht Grijs - Donker Grijs)19,95Rainbow Pastel (Wit - Licht Geel - Baby Roze - Baby Blauw - Licht Groen)19,95Nature (Wit - Licht Geel - Geel - Licht Groen - Groen)19,95Baby Girl (Wit 2x - Baby Roze 3x)19,95Rainbow Bright34,95Rainbow Bright (Geel - Oranje - Rood - Blauw - Groen)19,95;5,74;6 dagen Verkoop doorMicha YarnsWat je kan verwachten Rico design Made by Me papierkoord 1mm 20m Jade groen Made by Me papierkoord 1mm 20m Jade groen De Made by Me papierkoorden zijn ideaal voor knutselprojecten,... Of bespaar 26% als je er 4 koopt Uiterlijk 23 december in huis Verkoop doorCreaPoint.nlWat je kan verwachten
sterretje ijzergaren - 20m - 100% polyester - oranje - ijzersterk garen;4,29;Naaien supersterk garen oranje sterretje met 20 meter Uiterlijk 23 december in huis Verkoop doorHOBBY HOLLANDWat je kan verwachten Cheaperito Tape Voor Het Inkorten Van Broeken I Opstrijkbare Zoomband I Broeken Korter Maken I Ook Voor Gordijnen En Tafelkleden I 1 Meter I Grijs Naaien (2) Opstrijkbare Zoomband – De Makkelijke Oplossing voor Het Inkorten van Broeken, Gordijnen en Tafelkleden!Bent... Of bespaar 8% als je er 4 koopt Op voorraad Uiterlijk 20 december in huis Verkoop doorChipepeWat je kan verwachten modinetje
Metallic garen van Modinetje - Elga 5 kleuren: goud 1893 goud 1894 koper 1896 wit 1898 zilver 1890 zie...;16,50;Voor 23:59 uur besteld, dinsdag in huis Verkoop doorHOBBY HOLLANDWat je kan verwachten Micha Yarns
Micha Yarns - 80% katoen 20% acryl breiwol - 5 bollen - 5 x 100gram - 200 meter per bol - Donker Rood (013);24,95;Haken Naalddikte: 4-5 (1) Cuddly Cotton garen van Micha Yarns! Dit zijde zachte katoen acryl garen is los gedraaid waardoor ieder... In verschillende varianten verkrijgbaar: Blauw24,95Paars24,95Zwart24,95Licht Geel24,95Groen24,95Wit24,95 6 dagen Verkoop doorMicha YarnsWat je kan verwachten Merkloos / Sans marque
Set van 100 kleuren borduurgaren - Kleurrijk borduurgaren - 8 meter (6 draden) per streng - Geschikt voor vriendschapsarmbandjes, doe-het-zelfprojecten, perfect voor volwassenen en beginners.;17,33;Naaien Naalddikte: 0.5 【Een breed scala aan verschillende kleuren】: De armbanddraden zijn verkrijgbaar in een verscheidenheid... In verschillende varianten verkrijgbaar: 50 kleuren12,83200 kleuren26,61150 kleuren22,13447 kleuren45,75
modinetje metallic garen wit - glitter - metalic yarn - 100 m - col 1898 - borduurgaren;5,50;Naalddikte: 7-8 wit glinsterend borduurgaren Uiterlijk 23 december in huis Verkoop doorHOBBY HOLLANDWat je kan verwachten Creativ company CC Creotime Borduurgaren 1 mm Goud 6 stuks Tekenen Naalddikte: 2
Bollen Bundel - 80% katoen 20% acryl breiwol - 10 bollen haakgaren - 10 x 100gram - Disco World (003) – Cuddly Cotton - Micha Yarns;44,95;Haken Naalddikte: 4-5 Bollen Bundels van Micha Yarns! Deze garen bundels zijn speciaal samengesteld zodat je nog voordeliger... In verschillende varianten verkrijgbaar: Elements44,95 6 dagen Verkoop doorMicha YarnsWat je kan verwachten Gesponsord Micha Yarns
Micha Yarns - 10 bollen haakkatoen pakket - 100% katoen haakgaren - 10 x 50gram - Cotton Candy - Rainbow Pastel (002);20,99;Haken Naalddikte: 2-2.5 (2) Bollen Bundels van Micha Yarns! Haak-/breinaald 2. 0-2. 5 100% katoen 50 gram / 170 meter 10 bollen... 6 dagen Verkoop doorMicha YarnsWat je kan verwachten Gesponsord Coats Zand/Beige Polyester naaigaren voor Bootkap, Tent en Zonwering Naaien Naalddikte: 8-12 (1) 100% polyester naaigaren UV bestendig met een dikte 30. Dit garen gebruikt u met naalddikte 100 tot 120... Op voorraadSelect Voor 23:59 uur besteld, morgen in huis Verkoop doorSaliseal NLWat je kan verwachten Merkloos / Sans marque
ijzergaren - 20 m - polyester - sterretje ijzersterk garen - ecru - creme - off white;19,99;Naaien Naalddikte: 8-12 ijzergaren 20 mecru Uiterlijk 23 december in huis Verkoop doorHOBBY HOLLANDWat je kan verwachten Stoffenboetiek Set van 10 naaigaren bobijnen – Seralon & Metis – 200 meter – Mix turquoise, groen, bruin en paars – Sterk polyester naaigaren – Voor naaimachine & handwerk Naaien Naalddikte: 0.5 Maak je naaiprojecten af met deze set van 10 kwaliteitsvolle naaigaren bobijnen van de topmerken Seralon... in prijs verlaagd Meestal 39,99 39.99 Je bespaart 50% Huidige voorraad bijna op bij deze verkoperSelect Voor 23:59 uur besteld, morgen in huis Verkoop doorLaceitUpWat je kan verwachten artifil
Artifil - set wit en zwart garen - universeel naaigaren geschikt voor naaimachine en handnaaien - polyester - 2x 200m;8,25;Naaien Naalddikte: 8-12 (1) set wit en zwart garen Artifil200 m op klosje Voor 23:59 uur besteld, dinsdag in huis Verkoop doorHOBBY HOLLANDWat je kan verwachten Anchor
3x Anchor Marlitt borduurgaren 8m - borduur garen - splijtgaren 4 laags - 100% rayon - glanzend - col 1207 zalmroze roze - oudroze - nude - 3 strengen;325,95;Borduren Marlitt Borduurgaren Het bestaat uit vier lagen en kan in lagen worden verdeeld. Het is geschikt voor... Uiterlijk 23 december in huis Verkoop doorHOBBY HOLLANDWat je kan verwachten Simthread Borduurgaren Borduren Naalddikte: 0.5 1: 120 kleuren. Elke kleur met grote glans om al uw borduurprojecten op te fleuren en te verfraaien.... Uiterlijk 29 december in huis Verkoop doorGiftsForEveryoneWat je kan verwachten Gütermann
30 - Extra Thick100% linnen;36,54;Uiterlijk 23 december in huis Verkoop doorHOBBY HOLLANDWat je kan verwachten Creativ company CC Houten Borduurring 15 cm Tekenen Rond, houten borduurframe met metalen sluiting. Kan zowel gebruikt worden als gereedschap om het borduurwerk... Of bespaar 22% als je er 4 koopt Op voorraad Voor 23:59 uur besteld, zaterdag in huis Verkoop doorDailyathome NLWat je kan verwachten Meer verkopers vanaf 8,30 per stuk Stoffenboetiek Klikgesp zwart 25mm plastic 2 stuks Naaien De Klikgesp Zwart Anti-Slip 25mm is een veelzijdige en betrouwbare sluiting, ideaal voor diverse toepassingen... In verschillende varianten verkrijgbaar: Zwart9,99 Huidige voorraad bijna op bij deze verkoperSelect Voor 23:59 uur besteld, morgen in huis Verkoop doorLaceitUpWat je kan verwachten Opry PRYM BREIMOLEN MINI PAARS PRYM BREIMOLEN MINI PAARS De mini-breimolen is een kleine breimolen waarmee u breibuizen kunt maken.... Of bespaar 7% als je er 2 koopt Uiterlijk 23 december in huis Verkoop doorCreaPoint.nlWat je kan verwachten Gutermann
Garen dikte 18 - Extra dik/sterk Elastiekgaren onder andere gebruikt voor smocking en het maken van sieraden....;30,75;Uiterlijk 23 december in huis Verkoop doorHOBBY HOLLANDWat je kan verwachten DMC Dmc Borduurwol Borduren Dmc Borduurwol is een 100% wol garen om mee te borduren. De looplengte is 8 meter op een strengetje.... Uiterlijk 23 december in huis Verkoop doort trendjeWat je kan verwachten Gesponsord Serafil Saliseal |Donkerblauw Polyester naaigaren voor Bootkap, Tent en Zonwering Naaien Naalddikte: 8-12 (12) 100% polyester naaigaren UV bestendig met een dikte 30. Dit garen gebruikt u met naalddikte 100 tot 120... Op voorraadSelect Voor 23:59 uur besteld, morgen in huis Verkoop doorSaliseal NLWat je kan verwachten Gesponsord Serafil Bordo rood Polyester naaigaren voor Bootkap, Tent en Zonwering Naaien Naalddikte: 8-12 (12) 100% polyester naaigaren UV bestendig met een dikte 30. Dit garen gebruikt u met naalddikte 100 tot 120... Huidige voorraad bijna op bij deze verkoperSelect Voor 23:59 uur besteld, morgen in huis Verkoop doorSaliseal NLWat je kan verwachten Scheepjes Stone Washed Scheepjes Stone Washed 805 Apatite Weven, Naaien, Haken, Breien, Borduren Naalddikte: 2.5-3.5 PRODUCT INFORMATIE Scheepjes Stone Washed: het katoenen garen met de robuuste naam en zachte, wolachtige... Of bespaar 19% als je er 2 koopt Uiterlijk 29 december in huis Verkoop doorstitchingfactoryWat je kan verwachten Budgetyarn Budgetyarn Acrylic DK 005 Clay Breien Naalddikte: 4 (1)
Budgetyarn Acrylic DK - Een 100% acryl garen voor een kleine prijs. Haak en brei de mooiste homedeco...;6,50;In verschillende varianten verkrijgbaar: Verschillend6,50Verschillend6,50Verschillend6,50Verschillend6,50Verschillend6,50Verschillend6,50
Micha Yarns - 10 bollen haakkatoen pakket - 100% katoen haakgaren - 10 x 50gram - Cotton Candy - Rainbow Bright (001);25,95;Haken Naalddikte: 2-2.5 (2) Bollen Bundels van Micha Yarns! Haak-/breinaald 2. 0-2. 5 100% katoen 50 gram / 170 meter 10 bollen... 6 dagen Verkoop doorMicha YarnsWat je kan verwachten Gesponsord Micha Yarns
Micha Yarns - 15 bollen haakkatoen pakket - 100% katoen haakgaren - 15 x 50gram - Cotton Candy - Technicolor (001);4,50;Haken Naalddikte: 2-2.5 (2) Bollen Bundels van Micha Yarns! Haak-/breinaald 2. 0-2. 5 100% katoen 50 gram / 170 meter 15 bollen... 6 dagen Verkoop doorMicha YarnsWat je kan verwachten Hoooked Soft Cotton DK 50g. Moscow White (wit) Breien, Borduren, Haken, Mode ontwerpen, Weven Naalddikte: 4-6 Hoooked Soft Cotton DK Moscow White Het Soft Cotton DK Moscow White garen van Hoooked is een milieuvriendelijk... Of bespaar 25% als je er 5 koopt 6 dagen Verkoop doorTrendyTextiles.nlWat je kan verwachten Meer verkopers vanaf 8,35 per stuk Gütermann GÜTERMANN SUPER STERK 1X100M COL. 991 ROZE/BRUIN. Leerbewerking, Naaien Naalddikte: 1.5 PRODUCT OMSCHRIJVING Amann Poly Sheen® is een naai- en borduurgaren van 100% polyester met een sterke... Uiterlijk 29 december in huis Verkoop doorAPC Stoffen en FourniturenWat je kan verwachten Sorbo Sorbo 15m stopwol wit Naalddikte: 0.5 Sorbo stopwol wit 15m Uiterlijk 23 december in huis Verkoop doorHennie's PartijgoederenWat je kan verwachten Hoooked
Hoooked Soft Cotton DK – Kleur Sienna Ocre - 100% gerecycled;8,50;Borduren, Breien, Haken, Macramé, Weven Naalddikte: 4-6 Duurzame garens zijn betaalbaar! Hoooked Soft Cotton DK garen is gemaakt van 80% gerecycled katoen en... Of bespaar 40% als je er 10 koopt 6 dagen Verkoop doorTrendyTextiles.nlWat je kan verwachten Meer verkopers vanaf 8,35 per stuk
Naaigaren bordeaux - 100% polyester - 500 m - klosje garen - col 6200 donker rood - donkerrood;13,50;naaigaren van elk 500 meter. Materiaal: 100% Polyester. Voor 23:59 uur besteld, dinsdag in huis Verkoop doorHOBBY HOLLANDWat je kan verwachten Creativ company CC PVC Anti-slip Mat 100x150 cm Tekenen Naalddikte: 1.5 Net van PVC gewoven van 13 draden per 10 cm (1. 3/cm). Kan in huis gebruikt worden als anti-slip bescherming... Voor 23:59 uur besteld, maandag in huis Verkoop dooriHobbyWat je kan verwachten Amann Mettler
Box set naaigaren 6 spoelen van 200m - Polysheen neon kit - Amann Mettler 100% trilobal polyester;20,86;in prijs verlaagd Meestal 38,99 38.99 Je bespaart 49% Huidige voorraad bijna op bij deze verkoperSelect Voor 23:59 uur besteld, morgen in huis Verkoop doorLaceitUpWat je kan verwachten Gutermann Mara 1 DOOS GUTERMANN MARA 120 TEX 25 POLYESTER NAAIGAREN, 10 Bobijntjes van 1000 Meter, Totaal 10000 Meter, Kleur BLAUW 386 Naaien Gütermann Mara Polyester Naaldgaren biedt uitzonderlijke sterkte en duurzaamheid voor al je naai-projecten.... Of bespaar 20% als je er 3 koopt Uiterlijk 29 december in huis Verkoop doorSRL Leduc BVWat je kan verwachten Bobbiny Cords Bobbiny Premium Beige 5mm Breien, Haken, Weven Naalddikte: 8-9 (1) Bobbiny Premium Beige 5mm Het Bobbiny Premium Beige 5mm garen is een 100% gerecycled katoen garen wat... Of bespaar 14% als je er 2 koopt Op voorraad Uiterlijk 20 december in huis Verkoop doorhobbyshop-online.nlWat je kan verwachten Meer verkopers vanaf 19,95 per stuk Bobbiny Bobbiny Premium 5mm Black Breien, Haken, Weven Naalddikte: 10 (1) Bobbiny Premium BlackHet 5 mm Bobbiny Premium Black koord is een 100% gerecycled katoen koord wat bestaat... Of bespaar 5% als je er 2 koopt 6 dagen Verkoop doorItteDesignsWat je kan verwachten Gutermann
Micha Yarns - 10 bollen haakkatoen pakket - 100% katoen haakgaren - 10 x 50gram - Cotton Candy - Rainbow Pastel (002);18,94;Haken Naalddikte: 2-2.5 (2) Bollen Bundels van Micha Yarns! Haak-/breinaald 2. 0-2. 5 100% katoen 50 gram / 170 meter 10 bollen... 6 dagen Verkoop doorMicha YarnsWat je kan verwachten Gesponsord Coats Zand/Beige Polyester naaigaren voor Bootkap, Tent en Zonwering Naaien Naalddikte: 8-12 (1) 100% polyester naaigaren UV bestendig met een dikte 30. Dit garen gebruikt u met naalddikte 100 tot 120... Op voorraadSelect Voor 23:59 uur besteld, morgen in huis Verkoop doorSaliseal NLWat je kan verwachten Bobbiny Cords Bobbiny Premium 5mm Pine Green (donker groen) Breien, Haken, Macramé Naalddikte: 8-9 (1) Bobbiny Premium PINE GREENHet 5 mm Bobbiny Premium PINE GREEN koord is een 100% gerecycled katoen koord... Of bespaar 15% als je er 4 koopt 6 dagen Verkoop doorTrendyTextiles.nlWat je kan verwachten artifil
1 klosje naaigaren 1454 donker groen Artifil - 200 m - 100% polyester - dark pine green - garen voor alle naaimachines en stoffen;5,50;Naaien donkergroen naaigaren artifil200 mgeschikt voor alle stoffen en naaimachines Uiterlijk 23 december in huis Verkoop doorHOBBY HOLLANDWat je kan verwachten Alze
wit stopgaren - garenkaartje 20 m - polyacryl - kleur 801 - garen om te stoppen;12,95;Borduren, Breien, Haken, Naaien Naalddikte: 2.5-3.5 stopgaren is gemaakt van 100% polyacryl en wordt gebruikt bij het stoppen van sokken en kousen. Dit stopgaren... Uiterlijk 23 december in huis Verkoop doorHOBBY HOLLANDWat je kan verwachten Creativ company CC Bamboekoord 1 mm Goud 65 m Macramé, Home deco Naalddikte: 1.5 Gedraaid koord van 100% bamboe Voor 23:59 uur besteld, maandag in huis Verkoop dooriHobbyWat je kan verwachten
naaigaren bruin col. 1426 Artifil - 200 m - 100% polyester - garen voor alle naaimachines en stoffen;5,50;Naalddikte: 12-15 bruin naaigaren artifil200 mgeschikt voor alle stoffen en naaimachines Uiterlijk 23 december in huis Verkoop doorHOBBY HOLLANDWat je kan verwachten
Gutermann neon garen - fel groen - 100 m - naaigaren - 100% polyester - nr 3836;29,30;Naaien Gütermann Naaigaren Neon Groen 3836 Uiterlijk 23 december in huis Verkoop doorHOBBY HOLLANDWat je kan verwachten Orchidea Knoopkussen kit kleine hond nr 4504 Punch Needle Instructies in engels, duits en frans 6 dagen Verkoop doorCreadamWat je kan verwachten elga
2 klosjes sterk ijzergaren wit - 100% polyester - ijzersterk garen;5,50;Naaien, Leerbewerking Naalddikte: 8-12 2 x 20 meter wit ijzergaren Uiterlijk 23 december in huis Verkoop doorHOBBY HOLLANDWat je kan verwachten De Bondt
749 JAPANS SATIJNKOORD 3MM - KUMIHIMO - ROZE Mooi satijnkoord voor multifunctioneel decoratief gebruik....;6,99;Of bespaar 34% als je er 4 koopt Uiterlijk 23 december in huis Verkoop doorCreaPoint.nlWat je kan verwachten Kleiber & Co 71036 Stopwol 20mtr licht grijs Naaien (2) Material: 30% Cotton, 70% PolyacrylicLength: 20 m In verschillende varianten verkrijgbaar: legergroen6,99donker blauw6,99beige6,99donker grijs6,99bruin6,99 Of bespaar 8% als je er 4 koopt Uiterlijk 23 december in huis Verkoop doorMerkenDistributieWat je kan verwachten Alize Yarns
Alize Puffy - Light petrol blue (294) - 100 gr - 1 bol;20,99;Breien Iedereen kan breien met Alize Puffy! Zelfs als je nog nooit gehaakt of gebreid hebt. Je hebt geen naalden... Uiterlijk 22 december in huis Verkoop doorWollies by LiesWat je kan verwachten Gesponsord Serafil Saliseal |Donkerblauw Polyester naaigaren voor Bootkap, Tent en Zonwering Naaien Naalddikte: 8-12 (12) 100% polyester naaigaren UV bestendig met een dikte 30. Dit garen gebruikt u met naalddikte 100 tot 120... Op voorraadSelect Voor 23:59 uur besteld, morgen in huis Verkoop doorSaliseal NLWat je kan verwachten Gesponsord Serafil Bordo rood Polyester naaigaren voor Bootkap, Tent en Zonwering Naaien Naalddikte: 8-12 (12) 100% polyester naaigaren UV bestendig met een dikte 30. Dit garen gebruikt u met naalddikte 100 tot 120... Huidige voorraad bijna op bij deze verkoperSelect Voor 23:59 uur besteld, morgen in huis Verkoop doorSaliseal NLWat je kan verwachten Pako
Pako borduurpakket kruissteek kussen - Puppy - geprint stramien - 003.298 - DIY kit;16,54;Borduren Een kruissteek 003. 298 kussen schattige puppy borduurpakket op voorbedrukt stramien,gemakkelijk te borduren.... Meestal 27,95 27.95 Je bespaart 6% 6 dagen Verkoop doorCreadamWat je kan verwachten ReTreat Chunky Chunky Wol ReTreat Purpose (donker groen) Breien, Borduren, Haken, Macramé, Punch Needle Naalddikte: 6-7 Chunky Wol ReTreat Purpose Chunky Wol ReTreat Purpose garen is gemaakt van 100% Britse wol. Dit heerlijk... Of bespaar 20% als je er 4 koopt 6 dagen Verkoop doorTrendyTextiles.nlWat je kan verwachten 1.323 resultaten Sortering
Micha Yarns - 10 bollen haakkatoen pakket - 100% katoen haakgaren - 10 x 50gram - Cotton Candy - Rainbow Bright (001);25,95;Haken Naalddikte: 2-2.5 (2) Bollen Bundels van Micha Yarns! Haak-/breinaald 2. 0-2. 5 100% katoen 50 gram / 170 meter 10 bollen... 6 dagen Verkoop doorMicha YarnsWat je kan verwachten Gesponsord Micha Yarns
Micha Yarns - 15 bollen haakkatoen pakket - 100% katoen haakgaren - 15 x 50gram - Cotton Candy - Technicolor (001);34,95;Haken Naalddikte: 2-2.5 (2) Bollen Bundels van Micha Yarns! Haak-/breinaald 2. 0-2. 5 100% katoen 50 gram / 170 meter 15 bollen... 6 dagen Verkoop doorMicha YarnsWat je kan verwachten DMC Dmc Borduurwol Borduren Dmc Borduurwol is een 100% wol garen om mee te borduren. De looplengte is 8 meter op een strengetje.... Uiterlijk 23 december in huis Verkoop doort trendjeWat je kan verwachten
Gutermann supersterk garen - naaigaren super strong sterk - col 412 - lichtbruin goud bruin oker - 1 klos 100m;6,99;Naaien Gütermann Super Sterk naaigaren is geschikt voor zwaardere stoffen (jeans, leer, bankstel, luifel, canvas,... in prijs verlaagd Meestal 11,00 11.00 Je bespaart 27% Voor 23:59 uur besteld, dinsdag in huis Verkoop doorHOBBY HOLLANDWat je kan verwachten Kleiber & Co 71028 Stopwol 20mtr zwart Naaien Naalddikte: 0.5 Materiaal: 30% Wol, 70% Polyacryl Lengte: 20 m Of bespaar 10% als je er 8 koopt Uiterlijk 23 december in huis Verkoop doorMerkenDistributieWat je kan verwachten
ijzergaren - sterretje 20 m - olijfgroen - legergroen - groen polyester garen - ijzersterk - 1 stuks;4,95;ijzergaren camouflage groen Uiterlijk 23 december in huis Verkoop doorHOBBY HOLLANDWat je kan verwachten Gütermann R-Pet Naaigaren Gütermann R-Pet Wit 800 Naaien Naalddikte: 0.5 Een beter milieu begint bij. .. .. . Het R-pet garen wordt gemaakt uit 100% gerecyclede plastic flessen.... Of bespaar 5% als je er 2 koopt Uiterlijk 22 december in huis Verkoop doorStoffenshop MôpjeWat je kan verwachten Meer verkopers vanaf 4,55 per stuk De Bondt
433 JAPANS SATIJNKOORD 3MM - KUMIHIMO - GROEN Mooi satijnkoord voor multifunctioneel decoratief gebruik....;19,99;Of bespaar 34% als je er 4 koopt Uiterlijk 23 december in huis Verkoop doorCreaPoint.nlWat je kan verwachten Set van 10× Métis & Mettler Seralon naaigaren – 200m – Mix van mosgroen, petrol, taupe, nude & bruin – Polyester naaigaren Deze stijlvolle naaiset van 10 klossen combineert Mettler Seralon en Métis polyester naaigaren in een... Huidige voorraad bijna op bij deze verkoperSelect Voor 23:59 uur besteld, morgen in huis Verkoop doorLaceitUpWat je kan verwachten Amann Mettler Set van 10 naaigaren bobijnen – Seralon & Metis – 200 meter – Mix paars, blauw, groen & bruin – Sterk polyester naaigaren – Voor naaimachine & handwerk Naaien (1) Maak je naaicollectie compleet met deze set van 10 kwaliteitsvolle naaigaren bobijnen van Seralon en... In verschillende varianten verkrijgbaar: Alle kleuren250,00 in prijs verlaagd Meestal 39,99 39.99 Je bespaart 50% Huidige voorraad bijna op bij deze verkoperSelect Voor 23:59 uur besteld, morgen in huis Verkoop doorLaceitUpWat je kan verwachten Merkloos / Sans marque
sterretje ijzergaren - 20m - 100% polyester - zalm perzik roze - ijzersterk garen;6,50;Naaien supersterk garen zalm roze sterretje met 20 meter Uiterlijk 23 december in huis Verkoop doorHOBBY HOLLANDWat je kan verwachten DMC Dmc Borduurwol Borduren Dmc Borduurwol is een 100% wol garen om mee te borduren. De looplengte is 8 meter op een strengetje.... Uiterlijk 23 december in huis Verkoop doort trendjeWat je kan verwachten Merkloos / Sans marque
sterretje ijzergaren - 20m - 100% polyester - licht geel - pastel - ijzersterk garen;6,50;Naaien supersterk garen licht geel sterretje met 20 meter Uiterlijk 23 december in huis Verkoop doorHOBBY HOLLANDWat je kan verwachten Gesponsord Micha Yarns
Micha Yarns - 10 bollen haakkatoen pakket - 100% katoen haakgaren - 10 x 50gram - Cotton Candy - Rainbow Pastel (002);20,99;Haken Naalddikte: 2-2.5 (2) Bollen Bundels van Micha Yarns! Haak-/breinaald 2. 0-2. 5 100% katoen 50 gram / 170 meter 10 bollen... 6 dagen Verkoop doorMicha YarnsWat je kan verwachten Gesponsord Coats Zand/Beige Polyester naaigaren voor Bootkap, Tent en Zonwering Naaien Naalddikte: 8-12 (1) 100% polyester naaigaren UV bestendig met een dikte 30. Dit garen gebruikt u met naalddikte 100 tot 120... Op voorraadSelect Voor 23:59 uur besteld, morgen in huis Verkoop doorSaliseal NLWat je kan verwachten
ijzergaren sterretje lichtbruin bruin - polyester garen - ijzersterk - 20m;6,25;sterretje ijzersterk garen licht bruin Uiterlijk 23 december in huis Verkoop doorHOBBY HOLLANDWat je kan verwachten Corna
Corna elastisch garen 0,8 mm - navy blauw - 1 klosje 20 m - col 1465 - elastiek draad - geschikt voor sieraden;5,50;Borduren, Naaien Naalddikte: 8-12 Sterke kwaliteit elastisch garen geschikt voor sieraden maken dikte 0,8 mmdonker blauw col 1465 Uiterlijk 23 december in huis Verkoop doorHOBBY HOLLANDWat je kan verwachten Nellie`s Choice
10 vel Nellie Snellen dubbelzijdig klevende vierkantjes - borduurstickers garenstickers - 4 mm vierkant - yarnstickers - zelfklevend dubbelzijdig - 1173 stickers per vel;16,54;Borduren Naalddikte: 10 10 vellen Borduurstickers Nellie Snellen voor kaartborduren om gareneindjes vast te plakken. 1173 stuks... Voor 23:59 uur besteld, dinsdag in huis Verkoop doorHOBBY HOLLANDWat je kan verwachten ReTreat Chunky Chunky Wol ReTreat Joy Breien, Haken, Vilten, Weven Naalddikte: 6-7 (1) Chunky Wol ReTreat Joy Chunky Wol ReTreat Joy garen is gemaakt van 100% Britse wol. Dit heerlijk zachte... In verschillende varianten verkrijgbaar: Ponder Blauw16,95Tranquil16,54Mellow Geel16,95Escape Roze16,95Pure Naturel16,95Reflect zwart16,95 Of bespaar 20% als je er 4 koopt 6 dagen Verkoop doorTrendyTextiles.nlWat je kan verwachten
metallic 30 borduurgaren wit goud - klosje 100 m - embroidery thread col 1892 witgoud - garen modinetje - gouden naaigaren;5,75;Borduren embroidery thread for sewing. Brilliant sparkling metallic thread to create fascinating accents and... Uiterlijk 23 december in huis Verkoop doorHOBBY HOLLANDWat je kan verwachten Gütermann Gutermann Sulky Metallic, groen nr:7015, 200 meter Borduren, Naaien Naalddikte: 0.5 Gütermann Sulky Metallic machinaal borduurgaren heeft een fraaie metallic glans, die het garen bij uitstek...
1 - 3 weken;20,99;Verkoop door't SterretjeWat je kan verwachten Bobbiny Bobbiny Premium Avocado groen 5mm Breien, Haken, Weven Naalddikte: 10 Bobbiny Premium AvocadoHet 5 mm Bobbiny Premium Avocado koord is een 100% gerecycled katoen koord wat... Of bespaar 20% als je er 4 koopt 6 dagen Verkoop doorTrendyTextiles.nlWat je kan verwachten Scheepjes Catona Scheepjes Catona 192 Scarlet Weven, Naaien, Haken, Breien, Borduren Naalddikte: 2.5-3.5 Deze Scheepjes Catona is een prachtig gemerceriseerd 100% katoenen garen en is geschikt voor allerlei... Uiterlijk 29 december in huis Verkoop doorstitchingfactoryWat je kan verwachten Amann Mettler Lock garen Amann Trojalock 1000 Overlockgaren 4x 2500 m, lockgaren, overlockgaren Naaien Naalddikte: 0.5 Troja Lock garen komt van Amann Mettler en nis een super fijn garen voor op u lockmachine4 klossen van... 6 dagen Verkoop doorNiessen Naaimachines OnlineWat je kan verwachten Stitchonomy Latch hook kussenpakket / Smyrna en kruissteek Borduren Naalddikte: 1.5 Latch hook kussenpakket 40x40cm (pkt)*Een prachtig pakket dat een smyrnatechniek combineert met kruissteek.... 6 dagen Verkoop doorCreadamWat je kan verwachten Hoooked RibbonXL garen Lurex Rose Gold Haken, Breien Naalddikte: 10 GLITTERGARENRibbonXL is een 100% recycle textielgaren. Deze originele Hoooked textielgarens zijn licht... Of bespaar 12% als je er 2 koopt 6 dagen Verkoop doorItteDesignsWat je kan verwachten Gesponsord Serafil Saliseal |Donkerblauw Polyester naaigaren voor Bootkap, Tent en Zonwering Naaien Naalddikte: 8-12 (12) 100% polyester naaigaren UV bestendig met een dikte 30. Dit garen gebruikt u met naalddikte 100 tot 120... Op voorraadSelect Voor 23:59 uur besteld, morgen in huis Verkoop doorSaliseal NLWat je kan verwachten Gesponsord Serafil Bordo rood Polyester naaigaren voor Bootkap, Tent en Zonwering Naaien Naalddikte: 8-12 (12) 100% polyester naaigaren UV bestendig met een dikte 30. Dit garen gebruikt u met naalddikte 100 tot 120... Huidige voorraad bijna op bij deze verkoperSelect Voor 23:59 uur besteld, morgen in huis Verkoop doorSaliseal NLWat je kan verwachten Rosy Green Wool
Merino d'Arles Wol - Kleur Feuille (donkergroen) - 100% Franse merino wol - heerlijk zacht - GOTS-gecertificeerd;18,94;Breien, Borduren, Haken, Macramé, Weven Naalddikte: 2-3 Dit geweldige garen is gemaakt van 100% Franse biologische Merino d'Arles (virgin) wol. Deze wol wordt... Of bespaar 15% als je er 3 koopt 6 dagen Verkoop doorTrendyTextiles.nlWat je kan verwachten DMC Dmc Borduurwol Borduren Dmc Borduurwol is een 100% wol garen om mee te borduren. De looplengte is 8 meter op een strengetje.... Uiterlijk 23 december in huis Verkoop doort trendjeWat je kan verwachten
